Age,Income,Credit_Score,Loan_Amount,Loan_Duration,Education_Level,Approved
56,59674,793,48956,150,PhD,1
69,60854,838,35131,197,Bachelor,1
46,71271,455,16999,196,Master,0
32,98688,590,40352,216,Bachelor,1
60,63518,443,8516,271,High School,1
25,35267,405,2884,225,PhD,0
38,26062,719,15572,267,Bachelor,1
56,75448,301,37203,146,PhD,1
36,31229,389,46395,72,Master,1
40,81793,644,14982,321,Master,1
28,72915,649,41010,99,High School,1
28,29632,758,49433,335,Master,1
41,28596,562,22326,218,Bachelor,0
53,31168,650,2990,140,Master,1
57,32561,407,46592,322,High School,0
41,98794,338,26018,14,PhD,0
20,51734,458,24545,253,PhD,0
39,31371,611,27410,132,Master,0
19,51069,540,25066,113,Bachelor,1
41,37910,744,34405,49,High School,1
61,98479,597,27603,352,Bachelor,1
47,48275,335,36688,144,High School,0
55,97274,383,6345,213,Master,1
19,85004,751,21662,359,High School,1
38,87981,684,37174,32,High School,1
50,79553,471,19837,253,Master,0
29,73447,675,22813,120,Bachelor,0
39,59529,661,27443,314,Master,1
61,42260,440,12913,95,High School,0
42,28812,417,776,94,Master,0
66,53024,576,18111,302,High School,1
44,83656,519,39605,80,Master,0
59,52285,325,12444,140,PhD,0
45,26605,820,16406,207,PhD,1
33,96158,309,21036,151,Master,0
32,97303,677,28310,294,Bachelor,0
64,52139,451,12806,323,High School,0
68,81138,348,11003,245,PhD,0
61,38918,453,19725,34,Bachelor,0
69,52446,592,37476,164,High School,0
20,38046,349,12090,288,PhD,0
54,49818,830,11386,72,PhD,0
68,29324,359,13366,330,Master,1
24,34111,466,1588,63,High School,1
38,63110,501,3863,355,Bachelor,1
26,41389,445,33292,164,Bachelor,1
56,66427,738,10264,248,Bachelor,0
35,53746,541,21120,322,High School,1
21,25117,782,43227,313,Bachelor,1
42,38234,407,13435,43,Bachelor,0
31,78441,525,8568,66,Bachelor,0
67,25846,731,7795,47,Master,0
26,35954,718,41660,121,Master,0
43,71514,754,11890,188,High School,0
19,31469,459,41716,325,High School,1
37,55105,822,20631,306,Bachelor,0
45,67101,376,29718,347,Master,1
64,89323,808,10933,108,PhD,1
24,83067,740,15538,224,PhD,0
61,74376,553,28682,328,Bachelor,1
25,70587,619,12028,148,Bachelor,1
64,61976,562,21781,17,Master,0
52,92584,673,49011,120,Master,1
31,67533,466,9105,46,Master,1
34,26828,758,35282,50,High School,1
53,26917,579,1881,161,High School,0
67,45618,601,1598,129,Bachelor,0
57,57254,830,20310,272,High School,0
21,72362,517,24822,98,Master,1
19,45128,401,42369,87,Master,0
23,84383,587,33455,324,High School,1
59,90545,466,45216,225,PhD,0
21,34865,335,10707,296,Bachelor,1
46,27219,652,22293,250,PhD,0
35,64809,372,2592,176,Bachelor,0
43,30287,652,28720,98,PhD,1
61,59387,369,19014,152,High School,0
51,33512,724,38510,171,Bachelor,1
27,26342,816,9049,57,Bachelor,0
53,88076,727,22531,123,Bachelor,0
31,44216,838,5685,56,Master,1
48,51614,459,15771,258,Master,1
65,61258,448,6276,115,PhD,1
32,67078,529,12949,96,High School,0
25,37219,366,24797,145,Master,1
31,25235,680,41091,119,Bachelor,0
40,67929,357,16217,29,Master,1
57,92444,558,40623,105,High School,1
38,33567,641,39733,161,Master,1
33,95792,429,46005,257,Bachelor,1
62,90441,471,46592,300,PhD,1
35,98698,508,10850,220,Bachelor,1
64,30415,653,31122,137,High School,0
41,61159,770,35823,246,PhD,1
43,68925,415,3451,133,Master,0
42,30951,563,18122,149,Master,1
62,33007,741,5227,126,Master,1
58,66832,847,38954,173,PhD,1
46,83596,752,36969,212,Bachelor,0
32,55523,776,36048,245,PhD,0
62,40524,586,24282,39,PhD,1
18,44282,602,28954,22,High School,0
42,48930,610,2868,217,PhD,1
24,25077,507,16092,178,Master,1
26,45611,745,22673,258,Bachelor,0
41,41984,354,33704,58,Bachelor,0
18,39060,311,36096,257,Bachelor,0
61,68303,699,34824,138,Master,0
25,84207,814,46632,158,Master,1
41,54287,841,24364,129,Master,0
28,64711,536,48329,163,Master,0
68,36954,578,31250,83,Master,1
34,98340,647,11076,148,PhD,0
25,97101,403,17066,186,Master,0
52,96520,816,7690,300,Master,0
52,43574,547,23571,30,Master,0
50,34184,663,38833,206,Master,1
22,44096,620,15869,341,Bachelor,1
59,92728,585,24535,186,Master,0
56,59016,448,2089,152,PhD,0
58,36246,383,25735,257,PhD,1
45,70558,705,659,104,PhD,0
24,43381,755,12645,250,High School,0
26,61455,460,15873,216,Bachelor,0
25,29018,759,32421,59,Master,0
29,36302,849,39823,256,High School,0
51,92506,799,16737,331,Master,0
50,66157,808,42471,328,High School,0
65,79917,780,8744,306,High School,0
40,49519,413,15243,139,PhD,0
41,81819,660,32066,355,PhD,1
54,96324,640,46601,293,High School,1
52,30408,748,46609,28,PhD,1
61,84379,479,19191,82,High School,0
57,50053,706,34496,280,Bachelor,0
39,34446,495,6090,336,PhD,1
44,25922,765,6085,293,PhD,0
52,76356,610,9727,316,PhD,1
18,35789,561,28778,18,Bachelor,0
52,91656,718,39314,325,High School,1
54,69028,705,12737,316,Master,1
64,89484,442,16149,114,PhD,1
31,57154,641,38213,320,High School,0
20,27336,615,8427,204,Bachelor,1
18,92779,400,45909,252,Master,0
22,44029,543,49266,73,PhD,0
43,84201,789,46654,28,Bachelor,0
31,57265,311,7516,182,Bachelor,0
56,68872,538,14527,36,Master,0
44,71197,341,49188,262,High School,0
26,80180,728,24642,264,PhD,0
32,48710,457,47020,218,PhD,1
32,54486,515,24045,40,High School,1
43,96907,761,32397,128,High School,1
59,96895,433,3667,293,High School,0
30,89435,366,45257,155,Master,0
68,65631,306,27417,36,Master,0
49,45103,825,23236,321,PhD,0
56,89772,372,28490,167,Master,1
66,39382,698,14587,84,Bachelor,0
69,28756,704,22940,131,PhD,1
49,45609,429,35705,323,Master,0
21,41478,765,15775,332,High School,1
47,64666,505,5776,104,Bachelor,0
54,96315,565,42127,97,High School,1
40,39153,836,41086,347,PhD,0
56,37999,552,37996,129,High School,1
62,80318,588,19508,244,Master,0
32,25814,463,6238,210,Master,1
60,27443,394,32902,217,PhD,1
46,98319,409,6293,350,High School,0
53,42368,635,37791,158,PhD,1
30,40328,537,6071,282,High School,0
49,81942,680,31831,150,Bachelor,0
24,52306,735,16709,192,Master,0
68,64915,782,48514,41,PhD,1
39,62219,324,25894,68,Bachelor,1
45,89644,416,43648,243,Bachelor,0
19,85279,781,26182,157,PhD,0
59,78028,691,2724,59,PhD,1
62,25126,836,41657,205,Bachelor,1
23,77329,378,49195,235,High School,1
45,52632,472,44952,147,Bachelor,0
45,90310,311,43908,33,PhD,0
61,80176,427,32941,17,Bachelor,0
61,69327,391,41930,215,High School,0
37,93904,842,39629,250,Master,0
47,28797,831,35216,196,Master,1
28,72882,746,45359,303,Bachelor,0
45,38718,689,27086,346,High School,1
42,59560,342,45260,231,Master,1
56,47116,553,23978,127,Bachelor,0
50,61244,429,6818,324,Bachelor,1
18,26645,359,29194,60,High School,0
44,72523,766,20680,184,PhD,1
69,44256,586,12680,93,Bachelor,0
30,78173,816,33502,333,PhD,0
58,62430,766,15872,344,PhD,1
20,64282,644,30296,56,Master,0
56,88374,681,24927,346,PhD,1
23,93244,552,33790,31,High School,0
25,36694,355,28599,232,Master,0
44,81264,762,45986,134,Master,0
26,82545,756,10321,245,Master,1
54,64224,382,6332,232,Bachelor,1
50,38224,398,13320,334,Bachelor,0
68,65738,448,16711,350,PhD,1
59,50150,628,40390,14,Master,0
61,88731,455,6342,193,Master,1
41,74688,489,1816,217,High School,1
32,98509,793,46468,331,PhD,0
49,33577,562,18008,51,High School,0
49,33070,379,22505,70,PhD,0
41,33666,699,15706,73,PhD,0
58,82761,559,19471,143,Bachelor,0
69,61368,400,26099,71,Bachelor,1
66,31783,658,22556,342,High School,1
66,66914,679,1878,133,PhD,0
69,95507,520,2019,118,Master,0
29,92526,719,22661,107,Bachelor,0
56,95835,423,41203,358,Master,1
19,70765,721,39361,246,High School,0
20,44956,530,5855,73,Bachelor,0
66,71240,362,9583,267,Bachelor,1
54,62148,784,38842,60,PhD,1
66,29757,782,20956,359,High School,1
34,44097,818,13824,170,PhD,1
66,35395,454,2757,135,Bachelor,0
19,41241,391,27864,328,High School,1
19,52696,825,25472,218,Bachelor,1
45,95480,754,46679,59,High School,0
40,71163,809,27154,147,Bachelor,0
54,44816,482,15733,212,Master,0
49,74840,685,16387,261,Master,1
50,77853,704,29820,325,PhD,0
18,49917,545,21308,329,Master,1
36,46566,770,30654,306,Bachelor,1
19,87823,722,35273,325,Bachelor,1
61,45806,364,28247,220,Master,0
43,26759,312,11360,222,PhD,1
49,66949,512,43338,203,Master,0
23,27482,541,42656,55,High School,0
49,49442,792,18656,40,High School,0
21,58719,512,20860,70,High School,1
28,83066,637,18635,82,Master,1
34,27079,472,25851,103,Master,1
55,27717,463,30999,276,Master,0
41,84676,764,47877,231,High School,1
22,52952,796,24054,226,PhD,1
69,67460,694,49631,288,Bachelor,1
51,97847,607,20104,75,Master,1
23,43449,482,17423,357,PhD,1
39,58536,809,48091,303,Bachelor,0
28,89077,845,9047,256,Bachelor,0
65,63258,526,44783,73,Bachelor,0
33,73302,735,33502,343,PhD,0
50,53865,721,15062,181,PhD,1
26,31645,320,7980,280,High School,0
23,63000,696,27172,278,PhD,1
33,51737,404,4713,65,PhD,0
46,36485,491,10793,27,PhD,0
20,63565,316,34941,19,Bachelor,0
37,50522,419,2600,115,Master,1
53,90155,692,45117,70,High School,1
36,80168,724,28672,324,Master,0
43,77487,428,20632,51,Master,1
20,37342,429,18699,248,PhD,0
36,65806,328,37109,105,High School,0
37,73770,396,43465,233,Master,0
49,77603,309,8516,215,Master,1
24,51399,541,40279,149,High School,0
69,80106,531,37761,311,PhD,0
58,55678,583,32381,218,Master,0
50,88230,499,17558,347,Bachelor,1
57,99055,378,24972,92,Master,0
56,81373,472,41846,229,Bachelor,1
35,56480,766,35426,13,PhD,0
57,93836,715,35332,189,Master,1
18,97258,748,36521,357,High School,0
28,64986,386,24587,290,High School,0
45,49160,400,13328,157,Master,1
42,89929,307,31628,329,PhD,1
67,98506,499,1901,235,PhD,0
40,59911,804,20143,73,High School,1
48,56821,386,15693,305,Master,0
47,85535,342,27353,250,PhD,0
59,37175,684,45364,206,High School,0
52,79771,734,20807,177,Bachelor,1
24,91358,707,37482,233,Master,0
33,42327,782,20111,72,Bachelor,1
43,72057,316,44291,140,Bachelor,0
65,31150,447,12450,184,PhD,1
69,29425,576,11204,167,PhD,1
66,41032,531,43611,121,PhD,0
19,27198,665,12367,280,Master,1
18,85500,527,3245,289,Bachelor,0
65,78394,735,4366,85,Master,0
29,45079,698,32745,218,PhD,0
22,61220,510,45224,290,Bachelor,0
54,66874,690,6318,337,Master,0
49,38859,798,49361,351,Master,1
26,75460,839,30616,351,High School,0
58,56419,790,15993,215,Master,1
52,33705,741,28538,172,PhD,1
36,67880,560,20947,39,Master,0
65,48236,649,30931,268,Bachelor,1
33,40358,651,18408,176,Master,0
20,39596,819,29836,74,High School,1
37,58572,619,41492,33,Bachelor,1
41,26279,437,4525,81,Bachelor,1
50,88197,849,20593,107,High School,0
41,87516,667,6655,174,PhD,1
69,32083,519,47107,90,Bachelor,0
28,42771,636,33987,16,PhD,1
66,54975,522,48158,327,Bachelor,1
25,70648,659,21463,131,Bachelor,1
53,73285,628,21436,313,PhD,1
55,44063,762,4926,189,Bachelor,0
57,92642,681,23803,187,PhD,0
37,62599,468,45780,228,High School,1
52,76920,516,28106,67,PhD,1
65,53529,677,48332,198,High School,0
42,60954,418,28651,243,Bachelor,0
52,52856,489,14267,266,PhD,0
42,27573,669,11808,115,Bachelor,0
46,60367,448,44745,88,PhD,1
35,85774,787,46171,241,High School,1
63,48752,673,25270,269,High School,0
35,80029,459,29072,275,PhD,0
19,42685,650,41948,342,High School,0
52,76693,587,2704,193,Bachelor,0
33,80961,587,27733,267,Bachelor,0
58,99532,525,22229,49,Master,0
53,81133,822,31631,187,High School,1
50,86268,821,34370,38,Bachelor,1
21,63243,572,38511,287,PhD,1
50,82384,701,39882,151,High School,0
31,56653,482,49567,310,Bachelor,0
38,51657,787,41975,298,High School,0
65,64952,423,47181,102,PhD,1
37,47180,713,22107,72,Bachelor,0
25,26622,471,25468,358,Master,0
24,73756,587,33898,174,Master,1
20,65809,734,12408,154,High School,0
34,41725,412,26923,264,PhD,1
50,86396,421,44115,280,Bachelor,1
65,76226,843,9671,302,PhD,0
29,54402,521,13221,198,Bachelor,1
68,29263,338,49929,315,High School,0
39,71828,796,17116,302,Bachelor,1
39,72924,532,43012,97,PhD,0
63,99182,829,38958,177,PhD,1
47,84052,448,46669,125,High School,0
55,36664,696,8159,194,PhD,1
55,60737,601,43869,218,Bachelor,1
62,54373,659,12204,267,High School,1
68,61397,537,33293,246,Bachelor,0
25,63709,535,48652,14,PhD,0
44,86120,502,46973,219,High School,1
44,44250,555,31726,208,Bachelor,0
51,46172,534,24352,352,PhD,1
38,36555,644,32582,136,PhD,0
47,78276,833,23294,149,Master,1
50,82492,765,41920,350,PhD,0
45,78002,840,13879,36,Bachelor,1
64,97355,512,7506,79,High School,1
50,49762,762,9182,72,Master,1
22,36046,735,34340,40,PhD,1
65,53769,582,32930,30,PhD,0
36,78302,762,23591,182,PhD,1
21,48150,706,33483,85,Bachelor,0
52,93247,387,24489,72,Master,0
66,29853,343,10415,164,Bachelor,1
34,46792,760,43052,287,Master,0
61,84129,577,19490,59,High School,0
45,99478,720,25234,222,Bachelor,0
47,92298,652,15324,354,Bachelor,1
46,56987,814,36581,150,High School,0
63,40850,318,11533,121,Master,0
23,37112,322,43236,194,PhD,1
52,49058,712,16741,39,High School,1
58,70420,329,6439,208,PhD,0
54,63890,407,47964,202,PhD,1
41,91017,666,48062,326,High School,0
46,72304,580,35563,62,Master,0
66,57921,427,34964,160,PhD,0
63,26524,528,11685,279,High School,1
48,40048,410,27545,61,Bachelor,0
52,60111,435,45269,257,Bachelor,1
50,62904,661,47618,124,Bachelor,1
69,79912,485,19667,181,High School,0
38,59008,428,36912,177,Bachelor,1
49,25060,560,22125,25,PhD,1
40,99666,814,39688,214,Bachelor,1
50,80337,748,27576,299,Bachelor,1
20,38350,403,45105,200,PhD,1
35,49354,782,19529,166,Bachelor,0
42,70186,523,23473,66,PhD,1
59,53145,790,39621,193,Bachelor,0
48,59020,772,31933,221,PhD,0
20,45581,309,43809,86,Bachelor,0
57,48051,704,2432,288,PhD,0
63,76474,601,44754,144,High School,0
41,94626,530,2257,354,PhD,0
67,31960,365,31222,70,Bachelor,1
49,60772,411,38353,356,Bachelor,1
64,46520,312,38905,193,Master,1
39,74481,692,1616,350,PhD,0
40,61408,799,44027,332,High School,1
19,82134,533,12191,75,PhD,1
44,45491,613,992,338,PhD,1
59,26341,311,28382,271,High School,0
19,69623,508,9311,204,PhD,1
43,25338,313,28308,154,High School,0
34,96431,717,24772,115,High School,1
57,37254,736,28899,225,PhD,0
50,76860,676,6974,253,PhD,0
26,36344,319,27456,220,Bachelor,0
60,26750,369,47653,104,Bachelor,1
65,79756,510,43006,153,Master,1
56,92957,400,14479,123,Master,0
46,83053,431,45023,70,PhD,1
59,95855,680,43065,54,High School,0
43,40896,431,28828,218,Master,0
52,80761,319,47875,279,PhD,1
67,87552,835,13367,307,Master,1
42,52935,526,26351,129,High School,1
41,62641,453,31779,31,PhD,0
30,54711,768,31027,233,High School,0
24,95342,704,8366,177,PhD,1
53,37182,501,15949,142,Master,0
62,81276,337,11185,167,Bachelor,1
37,44541,487,24044,195,Master,0
18,69813,356,5951,101,Master,1
25,62198,319,22142,105,Bachelor,1
63,33820,572,41816,24,Bachelor,0
33,49070,418,40454,333,PhD,1
31,94768,815,39370,304,PhD,1
29,36122,520,31530,241,High School,0
68,98543,825,31373,333,High School,1
40,66786,814,1119,303,Master,0
32,31737,635,34150,37,Bachelor,1
45,61062,354,25872,86,High School,0
51,79237,799,4142,310,Master,1
19,76571,835,28501,161,Bachelor,1
49,50510,461,34564,159,PhD,1
40,44426,458,29790,19,Master,1
39,62265,487,14622,40,PhD,0
68,42850,359,25320,307,High School,0
42,91150,618,3395,220,High School,0
39,99910,510,5866,139,Bachelor,0
39,77375,705,9211,351,Master,0
66,60435,408,20096,127,PhD,0
69,82132,375,19293,155,Bachelor,0
59,27983,841,8699,329,High School,1
23,45662,613,11217,246,High School,1
32,48510,416,36691,18,Master,1
60,65998,318,10711,56,PhD,1
54,81846,731,46050,250,Master,0
50,31640,649,23860,166,PhD,0
25,69547,482,22042,192,PhD,0
61,79620,412,31812,226,Master,1
61,40317,482,45742,99,Bachelor,0
22,32564,780,36935,267,Master,1
56,52345,445,28747,84,Master,0
21,99859,412,22857,190,High School,0
23,99038,775,41545,223,High School,0
62,77393,602,28191,304,Master,0
49,91081,417,12924,245,Master,1
69,54430,460,19352,250,High School,1
47,52788,700,23101,234,PhD,0
64,73543,497,18520,130,Master,1
52,38919,559,8655,324,Bachelor,0
57,94346,346,4083,275,Bachelor,0
69,64974,698,16015,218,Bachelor,0
33,41371,377,37277,106,Master,0
30,70084,423,20210,233,PhD,1
67,54629,374,43678,287,PhD,0
59,76184,436,25032,242,High School,0
47,86916,699,19101,320,Master,1
36,98972,804,5467,130,PhD,0
34,87187,799,19253,279,Master,1
36,37984,437,20522,284,High School,0
45,58039,349,43963,75,High School,0
43,83606,553,9635,309,High School,0
54,35616,725,6222,22,Bachelor,0
43,75072,846,27913,109,Master,0
40,49574,601,27736,82,High School,0
26,28430,648,16014,69,Master,1
29,37676,348,44396,301,Bachelor,0
18,35816,373,37712,262,Bachelor,1
18,57733,560,40886,287,High School,1
64,27050,655,20831,61,High School,0
51,58933,559,18560,227,PhD,1
49,49951,594,1696,63,Master,0
65,57413,612,12797,282,High School,1
42,59801,481,3287,95,PhD,0
57,80619,663,24316,304,Master,1
62,57913,487,41195,137,High School,1
18,65600,842,20202,307,PhD,0
33,82775,847,25742,83,PhD,1
56,60400,707,2676,307,Master,0
22,29494,713,20627,247,PhD,0
39,99691,641,42060,67,Master,0
46,68001,519,27728,121,Master,0
20,92364,462,20708,203,Master,0
29,70028,519,28982,104,Bachelor,1
43,62573,569,9671,67,PhD,1
33,25806,699,35719,71,Master,1
68,81638,481,33896,149,High School,0
54,54757,504,43089,50,Bachelor,1
39,59636,527,41046,39,Bachelor,1
46,73280,549,4196,60,PhD,1
31,49262,740,20558,136,Master,1
45,87211,832,20813,24,PhD,1
22,79842,495,19649,47,Bachelor,0
64,81979,818,46240,112,Master,0
66,63197,369,41575,293,High School,1
47,66844,698,5456,97,Master,0
63,89754,502,10695,15,Bachelor,0
69,59157,447,17576,234,High School,1
22,65042,771,1605,349,Master,1
29,86665,498,15917,177,High School,0
33,52376,725,25229,355,High School,1
43,80554,791,47456,289,Bachelor,0
43,39199,441,30599,141,High School,0
65,75948,612,33098,42,PhD,1
38,98781,464,30461,22,Bachelor,0
56,97750,613,13102,313,PhD,0
53,91262,320,9756,107,High School,0
50,71600,381,21084,201,PhD,1
47,87483,430,47480,203,Master,1
54,43297,604,35181,277,High School,1
40,55448,670,26292,139,Master,1
27,51172,683,22404,249,PhD,0
22,67874,744,43861,123,Master,1
53,32657,724,35040,327,High School,1
51,50425,460,27036,354,Master,1
69,51685,477,19664,156,PhD,1
48,49578,789,13496,76,PhD,0
27,53831,626,3371,258,PhD,0
36,32906,588,46502,234,High School,0
49,86413,653,23126,324,PhD,1
18,79028,327,11021,117,High School,1
22,32287,342,43910,192,Master,0
62,58660,722,1632,195,PhD,1
21,85504,476,33967,237,Master,1
33,84720,828,15034,276,Bachelor,0
41,59701,793,24354,289,Master,0
33,42674,497,43498,100,Bachelor,1
19,48874,816,39565,187,Master,1
66,68642,813,46107,29,High School,1
45,90160,321,8312,117,Master,0
49,42602,411,5057,282,High School,0
44,50931,356,2679,330,High School,0
37,54192,365,44298,178,PhD,0
41,71542,397,9565,24,High School,1
29,67520,443,8775,348,Bachelor,0
67,89772,734,48357,43,PhD,0
52,83762,385,36448,51,PhD,1
50,75106,643,21200,159,Master,1
50,50559,593,39964,229,High School,1
68,58742,542,42851,230,High School,0
60,94669,331,28294,93,Bachelor,1
54,46754,690,29283,344,Master,1
29,28972,576,17498,219,Master,0
20,95831,831,14369,212,PhD,0
18,66873,453,45025,343,PhD,1
50,34903,682,28652,49,PhD,0
57,28020,367,21454,222,Bachelor,1
27,66755,513,32055,338,Bachelor,1
60,70648,675,17154,260,PhD,0
61,34516,512,45526,238,Master,1
46,27396,378,35736,59,Bachelor,0
30,44129,680,47476,29,Master,0
29,26591,357,15542,306,Master,0
48,36303,325,26466,207,High School,1
63,55561,746,48907,198,PhD,0
19,96719,365,44814,356,High School,0
68,32314,553,45595,235,PhD,1
67,44623,343,14770,329,PhD,1
52,92675,396,31408,348,Master,1
40,90082,526,16023,240,PhD,1
34,58130,735,47568,88,Master,0
43,76756,678,20491,199,Master,0
25,51292,477,11275,357,PhD,0
46,94274,726,12765,281,Master,1
43,27469,606,19959,106,Master,1
27,78947,803,17173,321,Master,0
43,47534,567,27556,143,Bachelor,1
51,88620,307,7114,50,Master,1
68,73874,807,36520,83,Bachelor,0
58,74708,775,7915,292,Bachelor,0
24,99553,596,23655,344,Master,1
21,93344,463,49930,171,Master,1
67,74138,784,44384,198,Bachelor,1
62,79302,371,17464,202,Bachelor,0
28,72638,537,38226,131,Master,0
46,27719,403,37544,231,Master,0
53,47890,509,38044,64,PhD,0
42,61509,767,32752,233,Bachelor,0
38,67534,753,4332,142,Bachelor,1
53,43787,567,25775,248,PhD,1
27,73845,685,15401,257,Bachelor,1
54,82932,686,38713,237,High School,0
26,58062,558,34648,219,Bachelor,0
41,85461,582,43133,107,PhD,0
52,91672,339,23418,211,High School,1
66,59832,785,47194,258,Master,0
52,56966,519,20040,83,PhD,0
65,97545,428,12080,329,PhD,1
53,37987,819,38902,196,Master,0
35,62311,559,39078,17,PhD,1
66,56575,665,25417,217,Bachelor,0
56,88852,843,22818,43,Master,0
49,26007,823,10679,110,PhD,1
41,95981,315,12751,267,Master,1
40,72517,428,46399,198,Master,1
49,54257,408,19993,87,Master,1
54,67207,832,20966,188,High School,1
29,38281,568,30706,326,PhD,1
66,86246,461,45975,298,High School,0
30,26435,559,20124,266,PhD,0
40,51660,401,27064,336,Bachelor,1
42,30084,805,22912,201,Bachelor,0
52,38507,546,28490,319,Bachelor,1
58,97595,836,36017,356,PhD,0
47,70539,430,13656,138,Master,1
34,32491,652,23564,298,Master,0
66,75192,495,26211,265,High School,0
37,88888,681,30606,224,High School,0
65,98609,526,17089,261,Bachelor,0
42,34077,775,24236,95,High School,0
39,45953,776,21475,24,PhD,1
30,92889,564,36718,56,PhD,1
36,48821,671,7714,138,High School,1
66,62567,785,31081,125,High School,0
53,49860,733,20695,287,High School,1
29,46195,510,45082,216,High School,0
58,46427,676,27627,348,Bachelor,0
36,52083,694,5641,284,Bachelor,0
29,82372,749,29384,69,High School,1
26,69064,663,25385,339,PhD,0
24,32813,756,3208,230,Bachelor,1
45,56598,525,18875,120,PhD,1
31,52082,430,15588,290,Master,0
48,54241,775,45102,185,PhD,0
69,69569,576,45546,339,High School,1
36,36745,455,10514,275,Master,1
64,51029,517,3773,326,Bachelor,1
33,38025,489,47635,122,Bachelor,1
22,39288,716,37806,198,Master,1
52,31540,845,31381,280,PhD,1
29,93878,340,31986,240,Bachelor,0
42,66846,606,13041,167,High School,1
69,42482,637,9212,200,Master,1
38,48411,613,9668,283,High School,1
53,75975,374,4051,13,Master,1
40,85545,578,12797,257,Bachelor,0
33,77307,475,44233,221,PhD,0
56,28093,572,27628,297,Master,1
62,47042,588,3332,24,Master,1
59,77930,571,28983,107,High School,1
56,69413,365,22563,232,Bachelor,0
31,58756,782,23463,249,High School,0
48,78268,547,13922,105,Bachelor,0
22,64214,455,33420,349,High School,0
52,53602,346,11656,280,Master,0
40,78331,753,11608,182,High School,0
46,73901,500,32345,105,PhD,1
60,88416,423,3300,160,Bachelor,0
28,57196,300,38578,123,Bachelor,0
35,30626,490,43212,66,Master,1
64,32424,815,3110,348,Bachelor,0
29,37857,741,12567,127,PhD,1
26,44982,442,34372,154,High School,0
27,26980,490,11228,212,Master,1
61,73290,832,30066,191,PhD,1
34,51431,526,30283,213,Bachelor,1
55,51385,612,21083,64,Bachelor,1
24,63158,601,20738,191,PhD,1
63,48019,759,7763,324,High School,0
30,43639,700,2414,319,High School,0
57,46563,692,24249,148,Master,1
59,64341,506,19956,193,Bachelor,1
26,30776,509,26082,12,PhD,1
67,61444,414,906,55,High School,0
44,93916,550,14189,238,Master,1
19,33711,518,33434,342,Bachelor,1
22,99318,706,33776,109,Bachelor,1
46,55707,742,36932,219,Master,1
54,64110,653,20373,276,Master,0
55,86788,849,13550,299,High School,1
36,63827,441,1180,282,PhD,1
25,30655,800,19408,151,Bachelor,0
65,69859,846,19004,248,PhD,1
62,78625,841,22144,83,Bachelor,1
18,77098,806,37625,166,Bachelor,0
39,40251,580,1863,201,PhD,0
69,25526,723,42791,279,Master,0
34,93760,569,35560,332,High School,1
24,72837,453,2038,118,Bachelor,1
42,36536,382,36676,243,Master,0
62,53541,725,42020,53,Bachelor,0
21,76027,574,26175,201,High School,0
53,59531,583,18787,150,Bachelor,1
23,33712,472,674,114,High School,1
48,90455,626,27232,182,High School,0
36,99744,362,35498,284,Bachelor,1
61,30109,372,37555,232,Bachelor,0
56,74268,674,12612,224,High School,1
44,79615,807,40374,352,Master,1
27,54759,697,10189,67,PhD,1
43,85112,419,45314,353,High School,1
36,51589,736,20055,113,Bachelor,0
56,55015,764,34419,203,Bachelor,1
20,54009,585,8119,321,Master,1
62,87046,564,6533,211,PhD,0
30,51143,619,41828,244,High School,1
67,31154,675,5446,238,High School,0
45,46804,388,25118,150,PhD,0
37,66688,502,35175,355,High School,1
45,89288,633,36758,316,PhD,1
25,76195,521,19419,160,Bachelor,0
58,45581,340,4673,126,PhD,0
56,77648,367,44333,74,High School,0
18,55087,813,26900,115,PhD,1
20,74930,426,5269,350,Master,0
30,57981,554,38064,167,Bachelor,0
45,94298,315,46314,284,Bachelor,0
66,71167,776,14711,17,PhD,1
42,68408,361,23755,158,High School,0
50,64499,731,28462,195,Master,1
55,77269,567,19856,39,Bachelor,1
23,63559,334,20806,49,Bachelor,0
61,99319,793,5497,130,High School,1
62,73787,768,17876,304,High School,0
49,60488,624,41380,255,Master,1
62,99441,603,38555,79,PhD,1
64,99663,575,11078,225,High School,0
38,47431,500,19124,229,PhD,0
33,86681,744,39694,188,Master,0
38,88483,623,44867,310,PhD,1
28,74153,334,889,175,Bachelor,1
54,31368,781,34267,69,PhD,0
53,52424,779,46080,280,Master,0
52,70004,364,48867,319,Master,1
36,81985,307,2355,69,Master,1
37,75069,600,41393,299,PhD,1
35,77326,642,14294,116,Bachelor,0
64,48398,730,36031,239,High School,1
58,75861,723,5486,258,Bachelor,0
66,93577,631,32798,199,PhD,1
31,90641,737,1981,94,PhD,1
32,34078,473,4231,197,High School,0
48,50003,826,17335,263,PhD,0
18,87768,325,28298,249,Master,0
20,76047,705,26613,195,Master,1
33,96626,531,19977,295,Master,1
40,82660,832,17766,221,Master,1
28,74786,849,21292,315,Master,0
29,26925,804,20952,307,PhD,1
27,51015,478,44026,108,High School,0
49,58320,431,49579,219,High School,0
33,89881,754,41834,148,Master,0
25,51289,647,12389,195,PhD,1
55,28389,839,24835,87,Bachelor,1
29,50683,705,11754,298,Bachelor,0
41,38629,375,21574,153,PhD,1
45,86550,791,11942,248,Master,0
25,49826,493,46789,36,High School,0
45,51630,461,37827,301,PhD,1
53,71163,646,16699,78,Bachelor,0
43,91435,660,7791,261,Bachelor,0
25,36653,386,41428,129,Bachelor,1
67,52961,561,612,84,Master,0
45,99137,513,22015,293,Bachelor,0
45,58662,561,20081,21,PhD,0
54,81446,582,49192,222,PhD,0
58,46288,766,27000,334,Bachelor,0
53,61877,679,32526,163,PhD,0
44,40313,661,17023,16,Bachelor,0
34,97715,748,1924,206,Bachelor,1
26,35326,740,20052,294,High School,1
50,26560,392,11308,124,Master,0
37,51745,723,39311,282,Master,0
30,56890,441,7489,174,High School,1
45,45022,590,24120,116,High School,1
65,77579,731,39529,192,Master,1
46,95316,348,1387,55,Bachelor,1
30,53380,601,32302,293,Bachelor,1
63,27356,489,19988,186,Master,0
52,95326,435,30513,173,Bachelor,1
23,45049,703,49701,351,High School,1
35,41082,640,16902,151,Bachelor,1
68,25661,617,21705,143,Bachelor,0
22,62412,662,26549,98,PhD,0
64,27920,681,12753,187,PhD,0
42,85315,532,19490,194,PhD,0
19,33946,643,8346,140,Bachelor,0
27,70500,848,25527,257,Master,0
47,41309,828,39700,100,High School,1
67,80230,482,46720,77,Bachelor,0
62,55027,340,46663,169,Master,0
22,97541,696,4265,160,Bachelor,1
50,84321,793,16450,351,High School,0
18,25956,632,45770,127,Bachelor,1
35,99131,426,10241,225,High School,1
49,72908,300,23242,305,Bachelor,0
64,50963,467,25203,264,High School,1
66,64443,318,39209,154,Bachelor,1
28,64063,631,38123,261,High School,1
38,29703,755,23431,313,PhD,1
43,90128,408,24080,36,Bachelor,0
42,97099,567,15666,288,Bachelor,1
39,50849,744,29740,81,Master,0
44,56860,539,26491,124,Master,1
66,56585,600,39056,123,High School,1
30,47015,402,33469,314,Bachelor,1
50,68585,549,11061,102,High School,0
51,51958,752,17401,29,PhD,0
58,51017,819,41005,160,Master,0
52,70350,452,30520,238,High School,1
18,37201,473,26417,225,High School,1
38,54426,642,2488,162,Master,1
65,42778,730,48709,203,Bachelor,1
23,70241,623,45005,51,High School,0
45,67229,719,14756,253,Master,1
34,73364,784,22692,149,Bachelor,0
22,82056,711,28730,356,PhD,1
48,52490,383,40430,191,Master,0
22,44975,412,46333,211,High School,0
55,51723,631,23125,214,PhD,1
20,48279,677,32588,72,Bachelor,1
40,36561,340,14614,203,Bachelor,0
54,91061,404,41667,16,Master,1
54,74153,501,38901,248,Master,1
27,58142,749,6255,192,Master,0
27,51916,565,11325,322,Bachelor,0
36,89324,509,23193,48,PhD,0
34,69965,417,4617,67,Bachelor,0
38,29648,676,25229,248,High School,1
31,60133,839,32682,208,Bachelor,0
26,75677,383,29390,84,High School,0
63,95135,753,29840,70,PhD,0
18,60046,813,2018,251,Master,1
68,72064,686,31449,13,Master,0
62,94350,649,23047,199,Bachelor,1
30,70893,595,16846,318,Master,0
21,86272,557,3100,41,PhD,0
18,92649,380,46505,278,Master,1
66,89674,567,29767,119,Bachelor,0
57,38760,718,36822,343,PhD,0
49,46927,534,27490,101,High School,1
51,86367,610,16693,216,Bachelor,0
45,37588,656,30609,231,High School,0
48,77233,512,19733,105,PhD,0
25,69738,348,48521,114,Bachelor,0
56,58397,426,16694,234,Bachelor,1
43,96260,522,35010,197,PhD,0
51,44816,578,1806,195,Master,1
20,67240,707,4349,173,Bachelor,0
67,31276,804,12860,258,Bachelor,1
29,48499,593,46036,42,High School,0
18,96635,576,29731,63,Master,1
61,60946,737,46300,356,High School,0
22,80204,406,37463,87,High School,1
47,76886,719,19189,289,Master,1
47,96652,728,29584,51,Master,0
34,40563,674,40887,112,PhD,1
65,34847,372,9780,122,Master,0
64,51155,329,3142,332,Bachelor,0
40,92278,487,42637,260,Master,0
32,43309,663,14796,202,PhD,0
54,25619,750,15938,193,PhD,0
38,75108,494,48942,346,PhD,1
31,59707,455,38025,220,Master,0
19,45337,471,3494,33,Master,0
28,91504,340,48494,177,High School,0
68,72614,362,34539,110,High School,0
56,25281,322,2313,219,Bachelor,0
55,52420,659,27991,19,High School,0
51,64030,374,19345,201,Bachelor,1
55,26058,417,41743,186,PhD,1
67,53404,679,37664,284,High School,0
51,54856,589,42551,28,Master,1
35,34200,739,13818,101,High School,0
47,89178,306,17700,152,Bachelor,0
32,58997,495,582,156,High School,0
44,50611,720,2420,177,PhD,0
68,66235,492,41085,348,Master,0
51,60057,447,12183,89,Bachelor,1
69,26239,501,11836,273,Master,1
55,90661,743,16096,174,Master,1
50,70272,718,2593,25,Bachelor,1
41,86212,726,13405,250,Master,0
32,40398,778,24851,83,Master,1
47,81503,774,31481,154,High School,0
59,31638,425,8867,321,Master,1
68,31570,694,5785,294,Master,1
34,93785,624,44164,280,Master,1
22,34110,691,38205,252,Master,1
46,37115,739,17253,256,Bachelor,0
21,64062,503,18985,174,PhD,1
27,47911,785,13477,71,High School,1
34,57556,330,20374,17,Master,0
27,26969,687,8174,208,Master,0
34,68753,733,29538,69,Bachelor,1
37,29470,675,29815,316,PhD,0
41,35225,643,4176,228,Master,0
22,48196,742,2926,37,Bachelor,0
51,38669,374,24973,314,High School,1
23,62380,454,3462,16,High School,0
19,73320,729,30443,31,Master,1
30,72414,662,1359,209,Master,1
60,40577,747,45316,70,PhD,1
60,80409,533,4638,253,PhD,1
65,53625,561,35692,157,Master,0
28,49089,424,26140,284,Bachelor,1
68,61487,544,10909,260,PhD,0
64,90838,841,4517,25,Master,1
40,75138,784,10951,24,PhD,0
33,67823,421,28827,55,Master,1
48,62208,424,10778,30,High School,0
28,79061,848,25444,74,Master,1
33,55659,469,44264,250,High School,1
25,56890,423,1634,348,PhD,0
21,72055,334,30631,111,Master,1
57,44508,386,38387,174,PhD,1
21,67287,500,38962,133,High School,1
42,51984,668,23020,55,Master,0
20,33125,376,22369,328,PhD,1
49,61059,358,37432,156,High School,1
20,94569,730,5539,338,PhD,0
44,42087,799,21781,61,Bachelor,0
46,30704,408,47899,76,High School,0
49,85576,577,10942,299,High School,0
67,98384,367,8752,175,High School,0
68,97460,368,28086,152,Master,1
36,52208,464,18068,325,Master,1
38,91024,788,21310,139,Master,1
22,64882,604,2051,250,Bachelor,0
35,50923,664,13125,335,Bachelor,1
45,54165,678,34897,307,High School,0
59,92203,642,26749,198,Bachelor,0
39,29114,653,1861,219,PhD,1
38,89965,715,26649,231,High School,0
23,61321,408,4870,201,High School,0
18,98297,796,5783,357,PhD,1
22,50426,640,8110,295,High School,0
58,42772,682,43826,248,Bachelor,0
29,28712,832,15424,205,Master,1
43,26367,599,48107,298,PhD,0
63,76924,438,45217,270,Bachelor,0
51,28726,658,11126,257,PhD,1
66,52723,798,35261,147,PhD,1
31,34108,684,1369,291,High School,1
43,60643,579,32052,282,High School,1
62,56324,782,1514,182,Bachelor,0
44,33927,410,10603,170,PhD,0
26,47443,438,17486,212,High School,1
43,88449,734,45281,56,High School,0
64,85233,808,30971,275,PhD,0
39,50537,572,33958,82,Bachelor,1
64,47612,398,25569,114,Bachelor,1
47,31471,403,17373,136,PhD,0
60,60631,513,23748,324,Bachelor,1
65,56348,464,24124,297,High School,1
34,89732,819,44016,241,PhD,1
43,26177,583,29561,157,High School,0
53,29760,816,24670,208,Master,1
18,57779,463,8524,232,Master,0
25,46636,363,17178,71,Bachelor,0
66,78551,390,38756,109,Master,0
52,36556,416,20911,182,High School,1
69,52598,566,44303,184,Master,1
32,36563,439,19796,162,High School,1
64,71819,545,26793,133,Bachelor,1
39,98770,694,27672,119,Bachelor,1
31,51966,786,21628,15,High School,0
43,84889,775,18757,104,Master,0
45,51987,816,13355,17,Bachelor,0
40,83348,483,20142,299,PhD,1
31,49596,319,36085,117,Bachelor,0
41,58174,823,20525,157,Master,0
19,89106,828,4958,282,PhD,1
62,94967,446,5807,107,Master,1
43,84182,603,42201,240,High School,0
31,64310,527,18925,213,PhD,0
68,81088,401,43927,223,Master,1
24,33906,716,28773,17,PhD,1
20,61914,515,39006,123,Master,1
64,70379,706,6168,334,PhD,1
40,62650,698,26434,117,Master,0
63,71881,798,47695,150,High School,0
60,71413,764,8197,310,PhD,1
64,31012,381,24917,107,PhD,0
62,75115,664,16946,348,PhD,0
35,32151,462,41097,308,PhD,1
55,82716,347,11251,225,High School,0
